2022-09-30 11:45:34,493:INFO:batery,83
2022-09-30 11:45:34,594:INFO:batery,83
2022-09-30 11:45:34,697:INFO:batery,83
2022-09-30 11:45:34,798:INFO:batery,83
2022-09-30 11:45:34,900:INFO:batery,83
2022-09-30 11:45:35,002:INFO:batery,83
2022-09-30 11:45:35,104:INFO:batery,83
2022-09-30 11:45:35,206:INFO:batery,83
2022-09-30 11:45:35,308:INFO:batery,83
2022-09-30 11:45:35,410:INFO:batery,83
2022-09-30 11:45:35,512:INFO:batery,83
2022-09-30 11:45:35,614:INFO:batery,83
2022-09-30 11:45:35,717:INFO:batery,83
2022-09-30 11:45:35,818:INFO:batery,83
2022-09-30 11:45:35,920:INFO:batery,83
2022-09-30 11:45:36,023:INFO:batery,83
2022-09-30 11:45:36,132:INFO:batery,83
2022-09-30 11:45:36,246:INFO:batery,83
2022-09-30 11:45:36,328:INFO:batery,83
2022-09-30 11:45:36,431:INFO:batery,83
2022-09-30 11:45:36,534:INFO:batery,83
2022-09-30 11:45:36,637:INFO:batery,83
2022-09-30 11:45:36,738:INFO:batery,83
2022-09-30 11:45:36,847:INFO:batery,83
2022-09-30 11:45:36,889:INFO:batery,83
2022-09-30 11:45:36,992:INFO:batery,83
2022-09-30 11:45:37,093:INFO:batery,83
2022-09-30 11:45:37,195:INFO:batery,83
2022-09-30 11:45:37,297:INFO:batery,83
2022-09-30 11:45:37,399:INFO:batery,83
2022-09-30 11:45:37,501:INFO:batery,83
2022-09-30 11:45:37,603:INFO:batery,83
2022-09-30 11:45:37,709:INFO:batery,83
2022-09-30 11:45:37,807:INFO:batery,83
2022-09-30 11:45:37,909:INFO:batery,83
2022-09-30 11:45:38,011:INFO:batery,83
2022-09-30 11:45:38,113:INFO:batery,83
2022-09-30 11:45:38,222:INFO:batery,83
2022-09-30 11:45:38,318:INFO:batery,83
2022-09-30 11:45:38,420:INFO:batery,83
2022-09-30 11:45:38,521:INFO:batery,83
2022-09-30 11:45:38,628:INFO:batery,83
2022-09-30 11:45:38,725:INFO:batery,83
2022-09-30 11:45:38,827:INFO:batery,83
2022-09-30 11:45:38,929:INFO:batery,83
2022-09-30 11:45:39,031:INFO:batery,83
2022-09-30 11:45:39,138:INFO:batery,83
2022-09-30 11:45:39,236:INFO:batery,83
2022-09-30 11:45:39,337:INFO:batery,83
2022-09-30 11:45:39,439:INFO:batery,83
2022-09-30 11:45:39,541:INFO:batery,83
2022-09-30 11:45:39,643:INFO:batery,83
2022-09-30 11:45:39,745:INFO:batery,83
2022-09-30 11:45:39,847:INFO:batery,83
2022-09-30 11:45:39,949:INFO:batery,83
2022-09-30 11:45:40,053:INFO:batery,83
2022-09-30 11:45:40,153:INFO:batery,83
2022-09-30 11:45:40,256:INFO:batery,83
2022-09-30 11:45:40,306:INFO:batery,83
2022-09-30 11:45:40,459:INFO:batery,83
2022-09-30 11:45:40,561:INFO:batery,83
2022-09-30 11:45:40,612:INFO:batery,83
2022-09-30 11:45:40,714:INFO:batery,83
2022-09-30 11:45:40,817:INFO:batery,83
2022-09-30 11:45:40,918:INFO:batery,83
2022-09-30 11:45:41,020:INFO:batery,83
2022-09-30 11:45:41,122:INFO:batery,83
2022-09-30 11:45:41,224:INFO:batery,83
2022-09-30 11:45:41,327:INFO:batery,83
2022-09-30 11:45:41,429:INFO:batery,83
2022-09-30 11:45:41,530:INFO:batery,83
2022-09-30 11:45:41,632:INFO:batery,83
2022-09-30 11:45:41,735:INFO:batery,83
2022-09-30 11:45:41,836:INFO:batery,83
2022-09-30 11:45:41,938:INFO:batery,83
2022-09-30 11:45:42,041:INFO:batery,83
2022-09-30 11:45:42,143:INFO:batery,83
2022-09-30 11:45:42,245:INFO:batery,83
2022-09-30 11:45:42,354:INFO:batery,83
2022-09-30 11:45:42,450:INFO:batery,83
2022-09-30 11:45:42,553:INFO:batery,83
2022-09-30 11:45:42,655:INFO:batery,83
2022-09-30 11:45:42,757:INFO:batery,83
2022-09-30 11:45:42,860:INFO:batery,83
2022-09-30 11:45:42,958:INFO:batery,83
2022-09-30 11:45:43,060:INFO:batery,83
2022-09-30 11:45:43,162:INFO:batery,83
2022-09-30 11:45:43,253:ERROR:[Errno 9] Bad file descriptor
2022-09-30 11:57:39,049:INFO:batery,81
2022-09-30 11:57:39,188:INFO:batery,81
2022-09-30 11:57:39,192:INFO:batery,81
2022-09-30 11:57:39,329:INFO:batery,81
2022-09-30 11:57:39,464:INFO:batery,81
2022-09-30 11:57:39,498:INFO:batery,81
2022-09-30 11:57:39,601:INFO:batery,81
2022-09-30 11:57:39,704:INFO:batery,81
2022-09-30 11:57:39,808:INFO:batery,81
2022-09-30 11:57:39,907:INFO:batery,81
2022-09-30 11:57:40,009:INFO:batery,81
2022-09-30 11:57:40,111:INFO:batery,81
2022-09-30 11:57:40,213:INFO:batery,81
2022-09-30 11:57:40,315:INFO:batery,81
2022-09-30 11:57:40,417:INFO:batery,81
2022-09-30 11:57:40,519:INFO:batery,81
2022-09-30 11:57:40,622:INFO:batery,81
2022-09-30 11:57:40,723:INFO:batery,81
2022-09-30 11:57:40,826:INFO:batery,81
2022-09-30 11:57:40,928:INFO:batery,81
2022-09-30 11:57:41,030:INFO:batery,81
2022-09-30 11:57:41,133:INFO:batery,81
2022-09-30 11:57:41,184:INFO:batery,81
2022-09-30 11:57:41,283:INFO:batery,81
2022-09-30 11:57:41,436:INFO:batery,81
2022-09-30 11:57:41,539:INFO:batery,81
2022-09-30 11:57:41,590:INFO:batery,81
2022-09-30 11:57:41,692:INFO:batery,81
2022-09-30 11:57:41,794:INFO:batery,81
2022-09-30 11:57:41,895:INFO:batery,81
2022-09-30 11:57:41,998:INFO:batery,81
2022-09-30 11:57:42,100:INFO:batery,81
2022-09-30 11:57:42,202:INFO:batery,81
2022-09-30 11:57:42,318:INFO:batery,81
2022-09-30 11:57:42,405:INFO:batery,81
2022-09-30 11:57:42,507:INFO:batery,81
2022-09-30 11:57:42,609:INFO:batery,81
2022-09-30 11:57:42,712:INFO:batery,81
2022-09-30 11:57:42,814:INFO:batery,81
2022-09-30 11:57:42,916:INFO:batery,81
2022-09-30 11:57:43,018:INFO:batery,81
2022-09-30 11:57:43,119:INFO:batery,81
2022-09-30 11:57:43,222:INFO:batery,81
2022-09-30 11:57:43,323:INFO:batery,81
2022-09-30 11:57:43,425:INFO:batery,81
2022-09-30 11:57:43,528:INFO:batery,81
2022-09-30 11:57:43,630:INFO:batery,81
2022-09-30 11:57:43,732:INFO:batery,81
2022-09-30 11:57:43,836:INFO:batery,81
2022-09-30 11:57:43,937:INFO:batery,81
2022-09-30 11:57:44,038:INFO:batery,81
2022-09-30 11:57:44,142:INFO:batery,81
2022-09-30 11:57:44,241:INFO:batery,81
2022-09-30 11:57:44,344:INFO:batery,81
2022-09-30 11:57:44,452:INFO:batery,81
2022-09-30 11:57:44,549:INFO:batery,81
2022-09-30 11:57:44,650:INFO:batery,81
2022-09-30 11:57:44,758:INFO:batery,81
2022-09-30 11:57:44,802:INFO:batery,81
2022-09-30 11:57:44,905:INFO:batery,81
2022-09-30 11:57:45,007:INFO:batery,81
2022-09-30 11:57:45,109:INFO:batery,81
2022-09-30 11:57:45,211:INFO:batery,81
2022-09-30 11:57:45,313:INFO:batery,81
2022-09-30 11:57:45,416:INFO:batery,81
2022-09-30 11:57:45,517:INFO:batery,81
2022-09-30 11:57:45,618:INFO:batery,81
2022-09-30 11:57:45,721:INFO:batery,81
2022-09-30 11:57:45,823:INFO:batery,81
2022-09-30 11:57:45,924:INFO:batery,81
2022-09-30 11:57:46,026:INFO:batery,81
2022-09-30 11:57:46,128:INFO:batery,81
2022-09-30 11:57:46,230:INFO:batery,81
2022-09-30 11:57:46,333:INFO:batery,81
2022-09-30 11:57:46,434:INFO:batery,81
2022-09-30 11:57:46,536:INFO:batery,81
2022-09-30 11:57:46,639:INFO:batery,81
2022-09-30 11:57:46,740:INFO:batery,81
2022-09-30 11:57:46,842:INFO:batery,81
2022-09-30 11:57:46,944:INFO:batery,81
2022-09-30 11:57:47,046:INFO:batery,81
2022-09-30 11:57:47,148:INFO:batery,81
2022-09-30 11:57:47,250:INFO:batery,81
2022-09-30 11:57:47,353:INFO:batery,81
2022-09-30 11:57:47,454:INFO:batery,81
2022-09-30 11:57:47,557:INFO:batery,81
2022-09-30 11:57:47,660:INFO:batery,81
2022-09-30 11:57:47,760:INFO:batery,81
2022-09-30 11:57:47,863:INFO:batery,81
2022-09-30 11:57:47,965:INFO:batery,81
2022-09-30 11:57:48,067:INFO:batery,81
2022-09-30 11:57:48,118:INFO:batery,81
2022-09-30 11:57:48,219:INFO:batery,81
2022-09-30 11:57:48,322:INFO:batery,81
2022-09-30 11:57:48,423:INFO:batery,81
2022-09-30 11:57:48,525:INFO:batery,81
2022-09-30 11:57:48,627:INFO:batery,81
2022-09-30 11:57:48,730:INFO:batery,81
2022-09-30 11:57:48,831:INFO:batery,81
2022-09-30 11:57:48,934:INFO:batery,81
2022-09-30 11:57:49,035:INFO:batery,81
2022-09-30 11:57:49,139:INFO:batery,81
2022-09-30 11:57:49,240:INFO:batery,81
2022-09-30 11:57:49,341:INFO:batery,81
2022-09-30 11:57:49,443:INFO:batery,81
2022-09-30 11:57:49,546:INFO:batery,81
2022-09-30 11:57:49,648:INFO:batery,81
2022-09-30 11:57:49,749:INFO:batery,81
2022-09-30 11:57:49,851:INFO:batery,81
2022-09-30 11:57:49,953:INFO:batery,81
2022-09-30 11:57:50,055:INFO:batery,81
2022-09-30 11:57:50,158:INFO:batery,81
2022-09-30 11:57:50,259:INFO:batery,81
2022-09-30 11:57:50,361:INFO:batery,81
2022-09-30 11:57:50,463:INFO:batery,81
2022-09-30 11:57:50,565:INFO:batery,81
2022-09-30 11:57:50,667:INFO:batery,81
2022-09-30 11:57:50,770:INFO:batery,81
2022-09-30 11:57:50,871:INFO:batery,81
2022-09-30 11:57:50,973:INFO:batery,81
2022-09-30 11:57:51,077:INFO:batery,81
2022-09-30 11:57:51,177:INFO:batery,81
2022-09-30 11:57:51,280:INFO:batery,81
2022-09-30 11:57:51,387:INFO:batery,81
2022-09-30 11:57:51,486:INFO:batery,81
2022-09-30 11:57:51,587:INFO:batery,81
2022-09-30 11:57:51,636:INFO:batery,81
2022-09-30 11:57:51,738:INFO:batery,81
2022-09-30 11:57:51,851:INFO:batery,81
2022-09-30 11:57:51,942:INFO:batery,81
2022-09-30 11:57:52,044:INFO:batery,81
2022-09-30 11:57:52,147:INFO:batery,81
2022-09-30 11:57:52,248:INFO:batery,81
2022-09-30 11:57:52,350:INFO:batery,81
2022-09-30 11:57:52,453:INFO:batery,81
2022-09-30 11:57:52,554:INFO:batery,81
2022-09-30 11:57:52,656:INFO:batery,81
2022-09-30 11:57:52,759:INFO:batery,81
2022-09-30 11:57:52,860:INFO:batery,81
2022-09-30 11:57:52,962:INFO:batery,81
2022-09-30 11:57:53,065:INFO:batery,81
2022-09-30 11:57:53,166:INFO:batery,81
2022-09-30 11:57:53,268:INFO:batery,81
2022-09-30 11:57:53,370:INFO:batery,81
2022-09-30 11:57:53,472:INFO:batery,81
2022-09-30 11:57:53,574:INFO:batery,81
2022-09-30 11:57:53,676:INFO:batery,81
2022-09-30 11:57:53,780:INFO:batery,81
2022-09-30 11:57:53,880:INFO:batery,81
2022-09-30 11:57:53,982:INFO:batery,81
2022-09-30 11:57:54,084:INFO:batery,81
2022-09-30 11:57:54,186:INFO:batery,81
2022-09-30 11:57:54,288:INFO:batery,81
2022-09-30 11:57:54,390:INFO:batery,81
2022-09-30 11:57:54,492:INFO:batery,81
2022-09-30 11:57:54,595:INFO:batery,81
2022-09-30 11:57:54,696:INFO:batery,81
2022-09-30 11:57:54,801:INFO:batery,81
2022-09-30 11:57:54,900:INFO:batery,81
2022-09-30 11:57:54,951:INFO:batery,81
2022-09-30 11:57:55,053:INFO:batery,81
2022-09-30 11:57:55,155:INFO:batery,81
2022-09-30 11:57:55,257:INFO:batery,81
2022-09-30 11:57:55,359:INFO:batery,81
2022-09-30 11:57:55,462:INFO:batery,81
2022-09-30 11:57:55,564:INFO:batery,81
2022-09-30 11:57:55,667:INFO:batery,81
2022-09-30 11:57:55,768:INFO:batery,81
2022-09-30 11:57:55,872:INFO:batery,81
2022-09-30 11:57:56,062:INFO:batery,81
2022-09-30 11:57:56,075:INFO:batery,81
2022-09-30 11:57:56,209:INFO:batery,81
2022-09-30 11:57:56,385:INFO:batery,81
2022-09-30 11:57:56,385:INFO:batery,81
2022-09-30 11:57:56,482:INFO:batery,81
2022-09-30 11:57:56,585:INFO:batery,81
2022-09-30 11:57:56,686:INFO:batery,81
2022-09-30 11:57:56,788:INFO:batery,81
2022-09-30 11:57:56,890:INFO:batery,81
2022-09-30 11:57:56,992:INFO:batery,81
2022-09-30 11:57:57,094:INFO:batery,81
2022-09-30 11:57:57,197:INFO:batery,81
2022-09-30 11:57:57,298:INFO:batery,81
2022-09-30 11:57:57,400:INFO:batery,81
2022-09-30 11:57:57,502:INFO:batery,81
2022-09-30 11:57:57,604:INFO:batery,81
2022-09-30 11:57:57,706:INFO:batery,81
2022-09-30 11:57:57,808:INFO:batery,81
2022-09-30 11:57:57,910:INFO:batery,81
2022-09-30 11:57:58,012:INFO:batery,81
2022-09-30 11:57:58,114:INFO:batery,81
2022-09-30 11:57:58,216:INFO:batery,81
2022-09-30 11:57:58,320:INFO:batery,81
2022-09-30 11:57:58,420:INFO:batery,81
2022-09-30 11:57:58,522:INFO:batery,81
2022-09-30 11:57:58,573:INFO:batery,81
2022-09-30 11:57:58,675:INFO:batery,81
2022-09-30 11:57:58,777:INFO:batery,81
2022-09-30 11:57:58,879:INFO:batery,81
2022-09-30 11:57:58,982:INFO:batery,81
2022-09-30 11:57:59,086:INFO:batery,81
2022-09-30 11:57:59,186:INFO:batery,81
2022-09-30 11:57:59,289:INFO:batery,81
2022-09-30 11:57:59,390:INFO:batery,81
2022-09-30 11:57:59,493:INFO:batery,81
2022-09-30 11:57:59,595:INFO:batery,81
2022-09-30 11:57:59,695:INFO:batery,81
2022-09-30 11:57:59,798:INFO:batery,81
2022-09-30 11:57:59,902:INFO:batery,81
2022-09-30 11:58:00,005:INFO:batery,81
2022-09-30 11:58:00,107:INFO:batery,81
2022-09-30 11:58:00,206:INFO:batery,81
2022-09-30 11:58:00,312:INFO:batery,81
2022-09-30 11:58:00,414:INFO:batery,81
2022-09-30 11:58:00,511:INFO:batery,81
2022-09-30 11:58:00,613:INFO:batery,81
2022-09-30 11:58:00,715:INFO:batery,81
2022-09-30 11:58:00,817:INFO:batery,81
2022-09-30 11:58:00,919:INFO:batery,81
2022-09-30 11:58:01,021:INFO:batery,81
2022-09-30 11:58:01,123:INFO:batery,81
2022-09-30 11:58:01,226:INFO:batery,81
2022-09-30 11:58:01,327:INFO:batery,81
2022-09-30 11:58:01,428:INFO:batery,81
2022-09-30 11:58:01,532:INFO:batery,81
2022-09-30 11:58:01,633:INFO:batery,80
2022-09-30 11:58:01,735:INFO:batery,80
2022-09-30 11:58:01,837:INFO:batery,80
2022-09-30 11:58:01,888:INFO:batery,80
2022-09-30 11:58:01,989:INFO:batery,80
2022-09-30 11:58:02,092:INFO:batery,80
2022-09-30 11:58:02,194:INFO:batery,80
2022-09-30 11:58:02,296:INFO:batery,80
2022-09-30 11:58:02,398:INFO:batery,80
2022-09-30 11:58:02,500:INFO:batery,80
2022-09-30 11:58:02,602:INFO:batery,80
2022-09-30 11:58:02,704:INFO:batery,80
2022-09-30 11:58:02,807:INFO:batery,80
2022-09-30 11:58:02,907:INFO:batery,80
2022-09-30 11:58:03,009:INFO:batery,80
2022-09-30 11:58:03,111:INFO:batery,80
2022-09-30 11:58:03,214:INFO:batery,80
2022-09-30 11:58:03,322:INFO:batery,80
2022-09-30 11:58:03,418:INFO:batery,80
2022-09-30 11:58:03,520:INFO:batery,80
2022-09-30 11:58:03,623:INFO:batery,80
2022-09-30 11:58:03,725:INFO:batery,80
2022-09-30 11:58:03,826:INFO:batery,80
2022-09-30 11:58:03,928:INFO:batery,80
2022-09-30 11:58:04,030:INFO:batery,80
2022-09-30 11:58:04,132:INFO:batery,80
2022-09-30 11:58:04,234:INFO:batery,80
2022-09-30 11:58:04,336:INFO:batery,80
2022-09-30 11:58:04,438:INFO:batery,80
2022-09-30 11:58:04,540:INFO:batery,80
2022-09-30 11:58:04,641:INFO:batery,80
2022-09-30 11:58:04,744:INFO:batery,80
2022-09-30 11:58:04,845:INFO:batery,80
2022-09-30 11:58:04,896:INFO:batery,80
2022-09-30 11:58:04,999:INFO:batery,80
2022-09-30 11:58:05,100:INFO:batery,80
2022-09-30 11:58:05,202:INFO:batery,80
2022-09-30 11:58:05,305:INFO:batery,80
2022-09-30 11:58:05,407:INFO:batery,80
2022-09-30 11:58:05,508:INFO:batery,80
2022-09-30 11:58:05,611:INFO:batery,80
2022-09-30 11:58:05,713:INFO:batery,80
2022-09-30 11:58:05,815:INFO:batery,80
2022-09-30 11:58:05,917:INFO:batery,80
2022-09-30 11:58:06,019:INFO:batery,80
2022-09-30 11:58:06,121:INFO:batery,80
2022-09-30 11:58:06,223:INFO:batery,80
2022-09-30 11:58:06,325:INFO:batery,80
2022-09-30 11:58:06,427:INFO:batery,80
2022-09-30 11:58:06,528:INFO:batery,80
2022-09-30 11:58:06,631:INFO:batery,80
2022-09-30 11:58:06,733:INFO:batery,80
2022-09-30 11:58:06,836:INFO:batery,80
2022-09-30 11:58:06,938:INFO:batery,80
2022-09-30 11:58:07,040:INFO:batery,80
2022-09-30 11:58:07,143:INFO:batery,80
2022-09-30 11:58:07,242:INFO:batery,80
2022-09-30 11:58:07,345:INFO:batery,80
2022-09-30 11:58:07,456:INFO:batery,80
2022-09-30 11:58:07,549:INFO:batery,80
2022-09-30 11:58:07,650:INFO:batery,80
2022-09-30 11:58:07,752:INFO:batery,80
2022-09-30 11:58:07,855:INFO:batery,80
2022-09-30 11:58:07,956:INFO:batery,80
2022-09-30 11:58:08,059:INFO:batery,80
2022-09-30 11:58:08,162:INFO:batery,80
2022-09-30 11:58:08,213:INFO:batery,80
2022-09-30 11:58:08,314:INFO:batery,80
2022-09-30 11:58:08,417:INFO:batery,80
2022-09-30 11:58:08,518:INFO:batery,80
2022-09-30 11:58:08,620:INFO:batery,80
2022-09-30 11:58:08,722:INFO:batery,80
2022-09-30 11:58:08,825:INFO:batery,80
2022-09-30 11:58:08,928:INFO:batery,80
2022-09-30 11:58:09,031:INFO:batery,80
2022-09-30 11:58:09,132:INFO:batery,80
2022-09-30 11:58:09,233:INFO:batery,80
2022-09-30 11:58:09,335:INFO:batery,80
2022-09-30 11:58:09,441:INFO:batery,80
2022-09-30 11:58:09,539:INFO:batery,80
2022-09-30 11:58:09,641:INFO:batery,80
2022-09-30 11:58:09,743:INFO:batery,80
2022-09-30 11:58:09,845:INFO:batery,80
2022-09-30 11:58:09,948:INFO:batery,80
2022-09-30 11:58:10,049:INFO:batery,80
2022-09-30 11:58:10,151:INFO:batery,80
2022-09-30 11:58:10,254:INFO:batery,80
2022-09-30 11:58:10,355:INFO:batery,80
2022-09-30 11:58:10,458:INFO:batery,80
2022-09-30 11:58:10,560:INFO:batery,80
2022-09-30 11:58:10,662:INFO:batery,80
2022-09-30 11:58:10,763:INFO:batery,80
2022-09-30 11:58:10,865:INFO:batery,80
2022-09-30 11:58:10,967:INFO:batery,80
2022-09-30 11:58:11,069:INFO:batery,80
2022-09-30 11:58:11,172:INFO:batery,80
2022-09-30 11:58:11,273:INFO:batery,80
2022-09-30 11:58:11,376:INFO:batery,80
2022-09-30 11:58:11,477:INFO:batery,80
2022-09-30 11:58:11,579:INFO:batery,80
2022-09-30 11:58:11,681:INFO:batery,80
2022-09-30 11:58:11,733:INFO:batery,80
2022-09-30 11:58:11,834:INFO:batery,80
2022-09-30 11:58:11,936:INFO:batery,80
2022-09-30 11:58:12,039:INFO:batery,80
2022-09-30 11:58:12,140:INFO:batery,80
2022-09-30 11:58:12,244:INFO:batery,80
2022-09-30 11:58:12,344:INFO:batery,80
2022-09-30 11:58:12,446:INFO:batery,80
2022-09-30 11:58:12,549:INFO:batery,80
2022-09-30 11:58:12,650:INFO:batery,80
2022-09-30 11:58:12,753:INFO:batery,80
2022-09-30 11:58:12,854:INFO:batery,80
2022-09-30 11:58:12,957:INFO:batery,80
2022-09-30 11:58:13,059:INFO:batery,80
2022-09-30 11:58:13,161:INFO:batery,80
2022-09-30 11:58:13,296:INFO:batery,80
2022-09-30 11:58:13,364:INFO:batery,80
2022-09-30 11:58:13,466:INFO:batery,80
2022-09-30 11:58:13,570:INFO:batery,80
2022-09-30 11:58:13,677:INFO:batery,80
2022-09-30 11:58:13,774:INFO:batery,80
2022-09-30 11:58:13,880:INFO:batery,80
2022-09-30 11:58:13,978:INFO:batery,80
2022-09-30 11:58:14,078:INFO:batery,80
2022-09-30 11:58:14,180:INFO:batery,80
2022-09-30 11:58:14,282:INFO:batery,80
2022-09-30 11:58:14,387:INFO:batery,80
2022-09-30 11:58:14,486:INFO:batery,80
2022-09-30 11:58:14,588:INFO:batery,80
2022-09-30 11:58:14,691:INFO:batery,80
2022-09-30 11:58:14,792:INFO:batery,80
2022-09-30 11:58:14,843:INFO:batery,80
2022-09-30 11:58:14,945:INFO:batery,80
2022-09-30 11:58:15,047:INFO:batery,80
2022-09-30 11:58:15,149:INFO:batery,80
2022-09-30 11:58:15,252:INFO:batery,80
2022-09-30 11:58:15,354:INFO:batery,80
2022-09-30 11:58:15,455:INFO:batery,80
2022-09-30 11:58:15,557:INFO:batery,80
2022-09-30 11:58:15,659:INFO:batery,80
2022-09-30 11:58:15,762:INFO:batery,80
2022-09-30 11:58:15,864:INFO:batery,80
2022-09-30 11:58:15,966:INFO:batery,80
2022-09-30 11:58:16,067:INFO:batery,80
2022-09-30 11:58:16,170:INFO:batery,80
2022-09-30 11:58:16,271:INFO:batery,80
2022-09-30 11:58:16,373:INFO:batery,80
2022-09-30 11:58:16,475:INFO:batery,80
2022-09-30 11:58:16,578:INFO:batery,80
2022-09-30 11:58:16,680:INFO:batery,80
2022-09-30 11:58:16,781:INFO:batery,80
2022-09-30 11:58:16,883:INFO:batery,80
2022-09-30 11:58:16,985:INFO:batery,80
2022-09-30 11:58:17,090:INFO:batery,80
2022-09-30 11:58:17,189:INFO:batery,80
2022-09-30 11:58:17,291:INFO:batery,80
2022-09-30 11:58:17,393:INFO:batery,80
2022-09-30 11:58:17,495:INFO:batery,80
2022-09-30 11:58:17,597:INFO:batery,80
2022-09-30 11:58:17,699:INFO:batery,80
2022-09-30 11:58:17,803:INFO:batery,80
2022-09-30 11:58:17,903:INFO:batery,80
2022-09-30 11:58:18,011:INFO:batery,80
2022-09-30 11:58:18,107:INFO:batery,80
2022-09-30 11:58:18,210:INFO:batery,80
2022-09-30 11:58:18,261:INFO:batery,80
2022-09-30 11:58:18,363:INFO:batery,80
2022-09-30 11:58:18,464:INFO:batery,80
2022-09-30 11:58:18,617:INFO:batery,80
2022-09-30 11:58:18,719:INFO:batery,80
2022-09-30 11:58:18,770:INFO:batery,80
2022-09-30 11:58:18,872:INFO:batery,80
2022-09-30 11:58:18,974:INFO:batery,80
2022-09-30 11:58:19,076:INFO:batery,80
2022-09-30 11:58:19,178:INFO:batery,80
2022-09-30 11:58:19,280:INFO:batery,80
2022-09-30 11:58:19,383:INFO:batery,80
2022-09-30 11:58:19,484:INFO:batery,80
2022-09-30 11:58:19,586:INFO:batery,80
2022-09-30 11:58:19,688:INFO:batery,80
2022-09-30 11:58:19,793:INFO:batery,80
2022-09-30 11:58:19,892:INFO:batery,80
2022-09-30 11:58:19,995:INFO:batery,80
2022-09-30 11:58:20,098:INFO:batery,80
2022-09-30 11:58:20,199:INFO:batery,80
2022-09-30 11:58:20,300:INFO:batery,80
2022-09-30 11:58:20,402:INFO:batery,80
2022-09-30 11:58:20,504:INFO:batery,80
2022-09-30 11:58:20,606:INFO:batery,80
2022-09-30 11:58:20,708:INFO:batery,79
2022-09-30 11:58:20,810:INFO:batery,79
2022-09-30 11:58:20,912:INFO:batery,79
2022-09-30 11:58:21,015:INFO:batery,79
2022-09-30 11:58:21,116:INFO:batery,79
2022-09-30 11:58:21,218:INFO:batery,79
2022-09-30 11:58:21,320:INFO:batery,79
2022-09-30 11:58:21,422:INFO:batery,79
2022-09-30 11:58:21,524:INFO:batery,79
2022-09-30 11:58:21,627:INFO:batery,79
2022-09-30 11:58:21,728:INFO:batery,79
2022-09-30 11:58:21,779:INFO:batery,79
2022-09-30 11:58:21,882:INFO:batery,79
2022-09-30 11:58:21,983:INFO:batery,79
2022-09-30 11:58:22,086:INFO:batery,79
2022-09-30 11:58:22,189:INFO:batery,79
2022-09-30 11:58:22,289:INFO:batery,79
2022-09-30 11:58:22,391:INFO:batery,79
2022-09-30 11:58:22,493:INFO:batery,79
2022-09-30 11:58:22,602:INFO:batery,79
2022-09-30 11:58:22,697:INFO:batery,79
2022-09-30 11:58:22,799:INFO:batery,79
2022-09-30 11:58:22,901:INFO:batery,79
2022-09-30 11:58:23,003:INFO:batery,79
2022-09-30 11:58:23,105:INFO:batery,79
2022-09-30 11:58:23,207:INFO:batery,79
2022-09-30 11:58:23,309:INFO:batery,79
2022-09-30 11:58:23,411:INFO:batery,79
2022-09-30 11:58:23,513:INFO:batery,79
2022-09-30 11:58:23,616:INFO:batery,79
2022-09-30 11:58:23,717:INFO:batery,79
2022-09-30 11:58:23,819:INFO:batery,79
2022-09-30 11:58:23,921:INFO:batery,79
2022-09-30 11:58:24,023:INFO:batery,79
2022-09-30 11:58:24,125:INFO:batery,79
2022-09-30 11:58:24,227:INFO:batery,79
2022-09-30 11:58:24,329:INFO:batery,79
2022-09-30 11:58:24,431:INFO:batery,79
2022-09-30 11:58:24,533:INFO:batery,79
2022-09-30 11:58:24,635:INFO:batery,79
2022-09-30 11:58:24,737:INFO:batery,79
2022-09-30 11:58:24,839:INFO:batery,79
2022-09-30 11:58:24,941:INFO:batery,79
2022-09-30 11:58:25,043:INFO:batery,79
2022-09-30 11:58:25,094:INFO:batery,79
2022-09-30 11:58:25,199:INFO:batery,79
2022-09-30 11:58:25,299:INFO:batery,79
2022-09-30 11:58:25,403:INFO:batery,79
2022-09-30 11:58:25,505:INFO:batery,79
2022-09-30 11:58:25,606:INFO:batery,79
2022-09-30 11:58:25,708:INFO:batery,79
2022-09-30 11:58:25,810:INFO:batery,79
2022-09-30 11:58:25,910:INFO:batery,79
2022-09-30 11:58:26,018:INFO:batery,79
2022-09-30 11:58:26,123:INFO:batery,79
2022-09-30 11:58:26,217:INFO:batery,79
2022-09-30 11:58:26,322:INFO:batery,79
2022-09-30 11:58:26,421:INFO:batery,79
2022-09-30 11:58:26,523:INFO:batery,79
2022-09-30 11:58:26,627:INFO:batery,79
2022-09-30 11:58:26,729:INFO:batery,79
2022-09-30 11:58:26,828:INFO:batery,79
2022-09-30 11:58:26,930:INFO:batery,79
2022-09-30 11:58:27,032:INFO:batery,79
2022-09-30 11:58:27,134:INFO:batery,79
2022-09-30 11:58:27,236:INFO:batery,79
2022-09-30 11:58:27,338:INFO:batery,79
2022-09-30 11:58:27,440:INFO:batery,79
2022-09-30 11:58:27,542:INFO:batery,79
2022-09-30 11:58:27,644:INFO:batery,79
2022-09-30 11:58:27,746:INFO:batery,79
2022-09-30 11:58:27,848:INFO:batery,79
2022-09-30 11:58:27,951:INFO:batery,79
2022-09-30 11:58:28,053:INFO:batery,79
2022-09-30 11:58:28,155:INFO:batery,79
2022-09-30 11:58:28,257:INFO:batery,79
2022-09-30 11:58:28,359:INFO:batery,79
2022-09-30 11:58:28,463:INFO:batery,79
2022-09-30 11:58:28,562:INFO:batery,79
2022-09-30 11:58:28,665:INFO:batery,79
2022-09-30 11:58:28,767:INFO:batery,79
2022-09-30 11:58:28,818:INFO:batery,79
2022-09-30 11:58:28,920:INFO:batery,79
2022-09-30 11:58:29,022:INFO:batery,79
2022-09-30 11:58:29,124:INFO:batery,79
2022-09-30 11:58:29,226:INFO:batery,79
2022-09-30 11:58:29,328:INFO:batery,79
2022-09-30 11:58:29,430:INFO:batery,79
2022-09-30 11:58:29,534:INFO:batery,79
2022-09-30 11:58:29,636:INFO:batery,79
2022-09-30 11:58:29,737:INFO:batery,79
2022-09-30 11:58:29,838:INFO:batery,79
2022-09-30 11:58:29,940:INFO:batery,79
2022-09-30 11:58:30,043:INFO:batery,79
2022-09-30 11:58:30,144:INFO:batery,79
2022-09-30 11:58:30,245:INFO:batery,79
2022-09-30 11:58:30,349:INFO:batery,79
2022-09-30 11:58:30,451:INFO:batery,79
2022-09-30 11:58:30,554:INFO:batery,79
2022-09-30 11:58:30,654:INFO:batery,79
2022-09-30 11:58:30,756:INFO:batery,79
2022-09-30 11:58:30,858:INFO:batery,79
2022-09-30 11:58:30,961:INFO:batery,79
2022-09-30 11:58:31,062:INFO:batery,79
2022-09-30 11:58:31,165:INFO:batery,79
2022-09-30 11:58:31,268:INFO:batery,79
2022-09-30 11:58:31,369:INFO:batery,79
2022-09-30 11:58:31,473:INFO:batery,79
2022-09-30 11:58:31,572:INFO:batery,79
2022-09-30 11:58:31,674:INFO:batery,79
2022-09-30 11:58:31,776:INFO:batery,79
2022-09-30 11:58:31,878:INFO:batery,79
2022-09-30 11:58:31,981:INFO:batery,79
2022-09-30 11:58:32,082:INFO:batery,79
2022-09-30 11:58:32,183:INFO:batery,79
2022-09-30 11:58:32,234:INFO:batery,79
2022-09-30 11:58:32,337:INFO:batery,79
2022-09-30 11:58:32,439:INFO:batery,79
2022-09-30 11:58:32,540:INFO:batery,79
2022-09-30 11:58:32,646:INFO:batery,79
2022-09-30 11:58:32,745:INFO:batery,79
2022-09-30 11:58:32,846:INFO:batery,79
2022-09-30 11:58:32,950:INFO:batery,79
2022-09-30 11:58:33,050:INFO:batery,79
2022-09-30 11:58:33,152:INFO:batery,79
2022-09-30 11:58:33,255:INFO:batery,79
2022-09-30 11:58:33,357:INFO:batery,79
2022-09-30 11:58:33,460:INFO:batery,79
2022-09-30 11:58:33,563:INFO:batery,79
2022-09-30 11:58:33,665:INFO:batery,79
2022-09-30 11:58:33,767:INFO:batery,79
2022-09-30 11:58:33,867:INFO:batery,79
2022-09-30 11:58:33,969:INFO:batery,79
2022-09-30 11:58:34,071:INFO:batery,79
2022-09-30 11:58:34,172:INFO:batery,79
2022-09-30 11:58:34,275:INFO:batery,79
2022-09-30 11:58:34,376:INFO:batery,79
2022-09-30 11:58:34,478:INFO:batery,79
2022-09-30 11:58:34,580:INFO:batery,79
2022-09-30 11:58:34,682:INFO:batery,79
2022-09-30 11:58:34,785:INFO:batery,79
2022-09-30 11:58:34,887:INFO:batery,79
2022-09-30 11:58:34,990:INFO:batery,79
2022-09-30 11:58:35,091:INFO:batery,79
2022-09-30 11:58:35,194:INFO:batery,79
2022-09-30 11:58:35,296:INFO:batery,79
2022-09-30 11:58:35,347:INFO:batery,79
2022-09-30 11:58:35,449:INFO:batery,79
2022-09-30 11:58:35,551:INFO:batery,79
2022-09-30 11:58:35,652:INFO:batery,79
2022-09-30 11:58:35,754:INFO:batery,79
2022-09-30 11:58:35,857:INFO:batery,79
2022-09-30 11:58:35,961:INFO:batery,79
2022-09-30 11:58:36,061:INFO:batery,79
2022-09-30 11:58:36,163:INFO:batery,79
2022-09-30 11:58:36,265:INFO:batery,79
2022-09-30 11:58:36,367:INFO:batery,79
2022-09-30 11:58:36,468:INFO:batery,79
2022-09-30 11:58:36,571:INFO:batery,79
2022-09-30 11:58:36,672:INFO:batery,79
2022-09-30 11:58:36,775:INFO:batery,79
2022-09-30 11:58:36,878:INFO:batery,79
2022-09-30 11:58:36,979:INFO:batery,79
2022-09-30 11:58:37,081:INFO:batery,79
2022-09-30 11:58:37,183:INFO:batery,79
2022-09-30 11:58:37,286:INFO:batery,79
2022-09-30 11:58:37,388:INFO:batery,79
2022-09-30 11:58:37,490:INFO:batery,79
2022-09-30 11:58:37,591:INFO:batery,79
2022-09-30 11:58:37,694:INFO:batery,79
2022-09-30 11:58:37,794:INFO:batery,79
2022-09-30 11:58:37,897:INFO:batery,79
2022-09-30 11:58:37,999:INFO:batery,79
2022-09-30 11:58:38,101:INFO:batery,79
2022-09-30 11:58:38,203:INFO:batery,79
2022-09-30 11:58:38,305:INFO:batery,79
2022-09-30 11:58:38,407:INFO:batery,79
2022-09-30 11:58:38,508:INFO:batery,79
2022-09-30 11:58:38,611:INFO:batery,79
2022-09-30 11:58:38,714:INFO:batery,79
2022-09-30 11:58:38,815:INFO:batery,79
2022-09-30 11:58:38,919:INFO:batery,79
2022-09-30 11:58:39,019:INFO:batery,79
2022-09-30 11:58:39,069:INFO:batery,79
2022-09-30 11:58:39,171:INFO:batery,79
2022-09-30 11:58:39,274:INFO:batery,79
2022-09-30 11:58:39,375:INFO:batery,79
2022-09-30 11:58:39,477:INFO:batery,79
2022-09-30 11:58:39,579:INFO:batery,79
2022-09-30 11:58:39,682:INFO:batery,79
2022-09-30 11:58:39,784:INFO:batery,79
2022-09-30 11:58:39,886:INFO:batery,79
2022-09-30 11:58:39,988:INFO:batery,79
2022-09-30 11:58:40,090:INFO:batery,79
2022-09-30 11:58:40,191:INFO:batery,79
2022-09-30 11:58:40,294:INFO:batery,79
2022-09-30 11:58:40,396:INFO:batery,79
2022-09-30 11:58:40,497:INFO:batery,79
2022-09-30 11:58:40,599:INFO:batery,79
2022-09-30 11:58:40,702:INFO:batery,79
2022-09-30 11:58:40,804:INFO:batery,79
2022-09-30 11:58:40,905:INFO:batery,79
2022-09-30 11:58:41,010:INFO:batery,79
2022-09-30 11:58:41,109:INFO:batery,79
2022-09-30 11:58:41,212:INFO:batery,79
2022-09-30 11:58:41,319:INFO:batery,79
2022-09-30 11:58:41,416:INFO:batery,79
2022-09-30 11:58:41,517:INFO:batery,79
2022-09-30 11:58:41,622:INFO:batery,79
2022-09-30 11:58:41,722:INFO:batery,79
2022-09-30 11:58:41,827:INFO:batery,79
2022-09-30 11:58:41,925:INFO:batery,79
2022-09-30 11:58:42,027:INFO:batery,79
2022-09-30 11:58:42,130:INFO:batery,79
2022-09-30 11:58:42,181:INFO:batery,79
2022-09-30 11:58:42,283:INFO:batery,79
2022-09-30 11:58:42,384:INFO:batery,79
2022-09-30 11:58:42,486:INFO:batery,79
2022-09-30 11:58:42,588:INFO:batery,79
2022-09-30 11:58:42,690:INFO:batery,79
2022-09-30 11:58:42,792:INFO:batery,79
2022-09-30 11:58:42,894:INFO:batery,79
2022-09-30 11:58:42,996:INFO:batery,79
2022-09-30 11:58:43,098:INFO:batery,79
2022-09-30 11:58:43,200:INFO:batery,79
2022-09-30 11:58:43,308:INFO:batery,79
2022-09-30 11:58:43,404:INFO:batery,79
2022-09-30 11:58:43,506:INFO:batery,79
2022-09-30 11:58:43,608:INFO:batery,79
2022-09-30 11:58:43,711:INFO:batery,79
2022-09-30 11:58:43,813:INFO:batery,79
2022-09-30 11:58:43,914:INFO:batery,79
2022-09-30 11:58:44,017:INFO:batery,79
2022-09-30 11:58:44,120:INFO:batery,79
2022-09-30 11:58:44,222:INFO:batery,79
2022-09-30 11:58:44,322:INFO:batery,79
2022-09-30 11:58:44,425:INFO:batery,79
2022-09-30 11:58:44,526:INFO:batery,79
2022-09-30 11:58:44,628:INFO:batery,79
2022-09-30 11:58:44,735:INFO:batery,79
2022-09-30 11:58:44,833:INFO:batery,79
2022-09-30 11:58:44,934:INFO:batery,79
2022-09-30 11:58:45,036:INFO:batery,79
2022-09-30 11:58:45,138:INFO:batery,79
2022-09-30 11:58:45,241:INFO:batery,79
2022-09-30 11:58:45,345:INFO:batery,79
2022-09-30 11:58:45,393:INFO:batery,79
2022-09-30 11:58:45,495:INFO:batery,79
2022-09-30 11:58:45,597:INFO:batery,79
2022-09-30 11:58:45,700:INFO:batery,79
2022-09-30 11:58:45,802:INFO:batery,79
2022-09-30 11:58:45,903:INFO:batery,79
2022-09-30 11:58:46,007:INFO:batery,79
2022-09-30 11:58:46,107:INFO:batery,79
2022-09-30 11:58:46,209:INFO:batery,79
2022-09-30 11:58:46,312:INFO:batery,79
2022-09-30 11:58:46,413:INFO:batery,79
2022-09-30 11:58:46,515:INFO:batery,79
2022-09-30 11:58:46,618:INFO:batery,79
2022-09-30 11:58:46,719:INFO:batery,79
2022-09-30 11:58:46,821:INFO:batery,79
2022-09-30 11:58:46,925:INFO:batery,79
2022-09-30 11:58:47,027:INFO:batery,79
2022-09-30 11:58:47,130:INFO:batery,79
2022-09-30 11:58:47,237:INFO:batery,79
2022-09-30 11:58:47,332:INFO:batery,79
2022-09-30 11:58:47,435:INFO:batery,79
2022-09-30 11:58:47,537:INFO:batery,79
2022-09-30 11:58:47,638:INFO:batery,79
2022-09-30 11:58:47,740:INFO:batery,79
2022-09-30 11:58:47,842:INFO:batery,79
2022-09-30 11:58:47,944:INFO:batery,79
2022-09-30 11:58:48,046:INFO:batery,79
2022-09-30 11:58:48,149:INFO:batery,79
2022-09-30 11:58:48,250:INFO:batery,79
2022-09-30 11:58:48,352:INFO:batery,79
2022-09-30 11:58:48,455:INFO:batery,79
2022-09-30 11:58:48,556:INFO:batery,79
2022-09-30 11:58:48,658:INFO:batery,79
2022-09-30 11:58:48,760:INFO:batery,79
2022-09-30 11:58:48,862:INFO:batery,79
2022-09-30 11:58:48,913:INFO:batery,79
2022-09-30 11:58:49,016:INFO:batery,79
2022-09-30 11:58:49,117:INFO:batery,79
2022-09-30 11:58:49,219:INFO:batery,79
2022-09-30 11:58:49,323:INFO:batery,79
2022-09-30 11:58:49,423:INFO:batery,79
2022-09-30 11:58:49,525:INFO:batery,79
2022-09-30 11:58:49,627:INFO:batery,79
2022-09-30 11:58:49,730:INFO:batery,79
2022-09-30 11:58:49,831:INFO:batery,79
2022-09-30 11:58:49,934:INFO:batery,79
2022-09-30 11:58:50,035:INFO:batery,79
2022-09-30 11:58:50,139:INFO:batery,79
2022-09-30 11:58:50,239:INFO:batery,79
2022-09-30 11:58:50,341:INFO:batery,79
2022-09-30 11:58:50,444:INFO:batery,79
2022-09-30 11:58:50,545:INFO:batery,79
2022-09-30 11:58:50,647:INFO:batery,79
2022-09-30 11:58:50,749:INFO:batery,79
2022-09-30 11:58:50,851:INFO:batery,79
2022-09-30 11:58:50,953:INFO:batery,79
2022-09-30 11:58:51,055:INFO:batery,79
2022-09-30 11:58:51,157:INFO:batery,79
2022-09-30 11:58:51,259:INFO:batery,79
2022-09-30 11:58:51,361:INFO:batery,79
2022-09-30 11:58:51,463:INFO:batery,79
2022-09-30 11:58:51,565:INFO:batery,79
2022-09-30 11:58:51,667:INFO:batery,79
2022-09-30 11:58:51,769:INFO:batery,79
2022-09-30 11:58:51,871:INFO:batery,79
2022-09-30 11:58:51,973:INFO:batery,79
2022-09-30 11:58:52,075:INFO:batery,79
2022-09-30 11:58:52,177:INFO:batery,79
2022-09-30 11:58:52,280:INFO:batery,79
2022-09-30 11:58:52,333:INFO:batery,79
2022-09-30 11:58:52,453:INFO:batery,79
2022-09-30 11:58:52,539:INFO:batery,79
2022-09-30 11:58:52,636:INFO:batery,79
2022-09-30 11:58:52,738:INFO:batery,79
2022-09-30 11:58:52,840:INFO:batery,79
2022-09-30 11:58:52,943:INFO:batery,79
2022-09-30 11:58:53,046:INFO:batery,79
2022-09-30 11:58:53,148:INFO:batery,79
2022-09-30 11:58:53,251:INFO:batery,79
2022-09-30 11:58:53,350:INFO:batery,79
2022-09-30 11:58:53,461:INFO:batery,79
2022-09-30 11:58:53,554:INFO:batery,79
2022-09-30 11:58:53,656:INFO:batery,79
2022-09-30 11:58:53,758:INFO:batery,79
2022-09-30 11:58:53,860:INFO:batery,79
2022-09-30 11:58:53,963:INFO:batery,79
2022-09-30 11:58:54,064:INFO:batery,79
2022-09-30 11:58:54,166:INFO:batery,79
2022-09-30 11:58:54,268:INFO:batery,79
2022-09-30 11:58:54,370:INFO:batery,79
2022-09-30 11:58:54,472:INFO:batery,79
2022-09-30 11:58:54,574:INFO:batery,79
2022-09-30 11:58:54,677:INFO:batery,79
2022-09-30 11:58:54,779:INFO:batery,79
2022-09-30 11:58:54,879:INFO:batery,79
2022-09-30 11:58:54,982:INFO:batery,79
2022-09-30 11:58:55,085:INFO:batery,79
2022-09-30 11:58:55,186:INFO:batery,79
2022-09-30 11:58:55,289:INFO:batery,79
2022-09-30 11:58:55,390:INFO:batery,79
2022-09-30 11:58:55,492:INFO:batery,79
2022-09-30 11:58:55,594:INFO:batery,79
2022-09-30 11:58:55,645:INFO:batery,79
2022-09-30 11:58:55,747:INFO:batery,79
2022-09-30 11:58:55,849:INFO:batery,79
2022-09-30 11:58:55,951:INFO:batery,79
2022-09-30 11:58:56,053:INFO:batery,79
2022-09-30 11:58:56,154:INFO:batery,79
2022-09-30 11:58:56,258:INFO:batery,79
2022-09-30 11:58:56,359:INFO:batery,79
2022-09-30 11:58:56,463:INFO:batery,79
2022-09-30 11:58:56,565:INFO:batery,79
2022-09-30 11:58:56,665:INFO:batery,79
2022-09-30 11:58:56,767:INFO:batery,79
2022-09-30 11:58:56,871:INFO:batery,79
2022-09-30 11:58:56,970:INFO:batery,79
2022-09-30 11:58:57,073:INFO:batery,79
2022-09-30 11:58:57,175:INFO:batery,79
2022-09-30 11:58:57,278:INFO:batery,79
2022-09-30 11:58:57,380:INFO:batery,79
2022-09-30 11:58:57,481:INFO:batery,79
2022-09-30 11:58:57,584:INFO:batery,79
2022-09-30 11:58:57,685:INFO:batery,79
2022-09-30 11:58:57,787:INFO:batery,79
2022-09-30 11:58:57,888:INFO:batery,79
2022-09-30 11:58:57,994:INFO:batery,79
2022-09-30 11:58:58,095:INFO:batery,79
2022-09-30 11:58:58,195:INFO:batery,79
2022-09-30 11:58:58,297:INFO:batery,79
2022-09-30 11:58:58,399:INFO:batery,79
2022-09-30 11:58:58,500:INFO:batery,79
2022-09-30 11:58:58,603:INFO:batery,79
2022-09-30 11:58:58,706:INFO:batery,79
2022-09-30 11:58:58,807:INFO:batery,79
2022-09-30 11:58:58,908:INFO:batery,79
2022-09-30 11:58:59,011:INFO:batery,79
2022-09-30 11:58:59,113:INFO:batery,79
2022-09-30 11:58:59,215:INFO:batery,79
2022-09-30 11:58:59,317:INFO:batery,79
2022-09-30 11:58:59,368:INFO:batery,79
2022-09-30 11:58:59,471:INFO:batery,79
2022-09-30 11:58:59,572:INFO:batery,79
2022-09-30 11:58:59,674:INFO:batery,79
2022-09-30 11:58:59,777:INFO:batery,79
2022-09-30 11:58:59,879:INFO:batery,79
2022-09-30 11:58:59,982:INFO:batery,79
2022-09-30 11:59:00,084:INFO:batery,79
2022-09-30 11:59:00,187:INFO:batery,79
2022-09-30 11:59:00,289:INFO:batery,79
2022-09-30 11:59:00,389:INFO:batery,79
2022-09-30 11:59:00,491:INFO:batery,79
2022-09-30 11:59:00,592:INFO:batery,79
2022-09-30 11:59:00,695:INFO:batery,79
2022-09-30 11:59:00,798:INFO:batery,79
2022-09-30 11:59:00,898:INFO:batery,79
2022-09-30 11:59:01,002:INFO:batery,79
2022-09-30 11:59:01,102:INFO:batery,79
2022-09-30 11:59:01,205:INFO:batery,79
2022-09-30 11:59:01,307:INFO:batery,79
2022-09-30 11:59:01,410:INFO:batery,79
2022-09-30 11:59:01,512:INFO:batery,79
2022-09-30 11:59:01,613:INFO:batery,79
2022-09-30 11:59:01,715:INFO:batery,79
2022-09-30 11:59:01,817:INFO:batery,79
2022-09-30 11:59:01,918:INFO:batery,79
2022-09-30 11:59:02,021:INFO:batery,79
2022-09-30 11:59:02,122:INFO:batery,79
2022-09-30 11:59:02,225:INFO:batery,79
2022-09-30 11:59:02,327:INFO:batery,79
2022-09-30 11:59:02,428:INFO:batery,79
2022-09-30 11:59:02,480:INFO:batery,79
2022-09-30 11:59:02,582:INFO:batery,79
2022-09-30 11:59:02,684:INFO:batery,79
2022-09-30 11:59:02,837:INFO:batery,79
2022-09-30 11:59:02,888:INFO:batery,79
2022-09-30 11:59:02,989:INFO:batery,79
2022-09-30 11:59:03,095:INFO:batery,79
2022-09-30 11:59:03,193:INFO:batery,79
2022-09-30 11:59:03,296:INFO:batery,79
2022-09-30 11:59:03,398:INFO:batery,79
2022-09-30 11:59:03,500:INFO:batery,79
2022-09-30 11:59:03,602:INFO:batery,79
2022-09-30 11:59:03,705:INFO:batery,79
2022-09-30 11:59:03,806:INFO:batery,79
2022-09-30 11:59:03,908:INFO:batery,79
2022-09-30 11:59:04,009:INFO:batery,79
2022-09-30 11:59:04,112:INFO:batery,79
2022-09-30 11:59:04,214:INFO:batery,79
2022-09-30 11:59:04,316:INFO:batery,79
2022-09-30 11:59:04,419:INFO:batery,79
2022-09-30 11:59:04,520:INFO:batery,79
2022-09-30 11:59:04,622:INFO:batery,79
2022-09-30 11:59:04,724:INFO:batery,79
2022-09-30 11:59:04,827:INFO:batery,79
2022-09-30 11:59:04,928:INFO:batery,79
2022-09-30 11:59:05,030:INFO:batery,79
2022-09-30 11:59:05,133:INFO:batery,79
2022-09-30 11:59:05,236:INFO:batery,79
2022-09-30 11:59:05,340:INFO:batery,79
2022-09-30 11:59:05,440:INFO:batery,79
2022-09-30 11:59:05,540:INFO:batery,79
2022-09-30 11:59:05,644:INFO:batery,79
2022-09-30 11:59:05,743:INFO:batery,79
2022-09-30 11:59:05,846:INFO:batery,79
2022-09-30 11:59:05,896:INFO:batery,79
2022-09-30 11:59:05,998:INFO:batery,79
2022-09-30 11:59:06,102:INFO:batery,79
2022-09-30 11:59:06,203:INFO:batery,79
2022-09-30 11:59:06,305:INFO:batery,79
2022-09-30 11:59:06,407:INFO:batery,79
2022-09-30 11:59:06,508:INFO:batery,79
2022-09-30 11:59:06,611:INFO:batery,79
2022-09-30 11:59:06,714:INFO:batery,79
2022-09-30 11:59:06,815:INFO:batery,79
2022-09-30 11:59:06,917:INFO:batery,79
2022-09-30 11:59:07,018:INFO:batery,79
2022-09-30 11:59:07,121:INFO:batery,79
2022-09-30 11:59:07,222:INFO:batery,79
2022-09-30 11:59:07,324:INFO:batery,79
2022-09-30 11:59:07,427:INFO:batery,79
2022-09-30 11:59:07,530:INFO:batery,79
2022-09-30 11:59:07,635:INFO:batery,79
2022-09-30 11:59:07,733:INFO:batery,79
2022-09-30 11:59:07,835:INFO:batery,79
2022-09-30 11:59:07,936:INFO:batery,79
2022-09-30 11:59:08,038:INFO:batery,79
2022-09-30 11:59:08,140:INFO:batery,79
2022-09-30 11:59:08,242:INFO:batery,79
2022-09-30 11:59:08,344:INFO:batery,79
2022-09-30 11:59:08,447:INFO:batery,79
2022-09-30 11:59:08,549:INFO:batery,79
2022-09-30 11:59:08,662:INFO:batery,79
2022-09-30 11:59:08,752:INFO:batery,79
2022-09-30 11:59:08,854:INFO:batery,79
2022-09-30 11:59:08,956:INFO:batery,79
2022-09-30 11:59:09,058:INFO:batery,79
2022-09-30 11:59:09,160:INFO:batery,79
2022-09-30 11:59:09,262:INFO:batery,79
2022-09-30 11:59:09,313:INFO:batery,79
2022-09-30 11:59:09,415:INFO:batery,79
2022-09-30 11:59:09,517:INFO:batery,79
2022-09-30 11:59:09,620:INFO:batery,79
2022-09-30 11:59:09,721:INFO:batery,79
2022-09-30 11:59:09,824:INFO:batery,79
2022-09-30 11:59:09,925:INFO:batery,79
2022-09-30 11:59:10,027:INFO:batery,79
2022-09-30 11:59:10,130:INFO:batery,79
2022-09-30 11:59:10,231:INFO:batery,79
2022-09-30 11:59:10,334:INFO:batery,79
2022-09-30 11:59:10,435:INFO:batery,79
2022-09-30 11:59:10,538:INFO:batery,79
2022-09-30 11:59:10,639:INFO:batery,79
2022-09-30 11:59:10,741:INFO:batery,79
2022-09-30 11:59:10,843:INFO:batery,79
2022-09-30 11:59:10,945:INFO:batery,79
2022-09-30 11:59:11,049:INFO:batery,79
2022-09-30 11:59:11,149:INFO:batery,79
2022-09-30 11:59:11,251:INFO:batery,79
2022-09-30 11:59:11,353:INFO:batery,79
2022-09-30 11:59:11,456:INFO:batery,79
2022-09-30 11:59:11,557:INFO:batery,79
2022-09-30 11:59:11,659:INFO:batery,79
2022-09-30 11:59:11,761:INFO:batery,79
2022-09-30 11:59:11,863:INFO:batery,79
2022-09-30 11:59:11,965:INFO:batery,79
2022-09-30 11:59:12,068:INFO:batery,79
2022-09-30 11:59:12,170:INFO:batery,79
2022-09-30 11:59:12,274:INFO:batery,79
2022-09-30 11:59:12,374:INFO:batery,79
2022-09-30 11:59:12,476:INFO:batery,79
2022-09-30 11:59:12,578:INFO:batery,79
2022-09-30 11:59:12,630:INFO:batery,79
2022-09-30 11:59:12,732:INFO:batery,79
2022-09-30 11:59:12,833:INFO:batery,79
2022-09-30 11:59:12,935:INFO:batery,79
2022-09-30 11:59:13,037:INFO:batery,79
2022-09-30 11:59:13,139:INFO:batery,79
2022-09-30 11:59:13,241:INFO:batery,79
2022-09-30 11:59:13,343:INFO:batery,79
2022-09-30 11:59:13,446:INFO:batery,79
2022-09-30 11:59:13,552:INFO:batery,79
2022-09-30 11:59:13,650:INFO:batery,79
2022-09-30 11:59:13,751:INFO:batery,79
2022-09-30 11:59:13,853:INFO:batery,79
2022-09-30 11:59:13,955:INFO:batery,79
2022-09-30 11:59:14,058:INFO:batery,79
2022-09-30 11:59:14,160:INFO:batery,79
2022-09-30 11:59:14,261:INFO:batery,79
2022-09-30 11:59:14,363:INFO:batery,79
2022-09-30 11:59:14,465:INFO:batery,79
2022-09-30 11:59:14,570:INFO:batery,79
2022-09-30 11:59:14,670:INFO:batery,79
2022-09-30 11:59:14,771:INFO:batery,79
2022-09-30 11:59:14,874:INFO:batery,79
2022-09-30 11:59:14,975:INFO:batery,79
2022-09-30 11:59:15,077:INFO:batery,79
2022-09-30 11:59:15,179:INFO:batery,79
2022-09-30 11:59:15,281:INFO:batery,79
2022-09-30 11:59:15,384:INFO:batery,79
2022-09-30 11:59:15,485:INFO:batery,79
2022-09-30 11:59:15,587:INFO:batery,79
2022-09-30 11:59:15,689:INFO:batery,79
2022-09-30 11:59:15,740:INFO:batery,79
2022-09-30 11:59:15,894:INFO:batery,79
2022-09-30 11:59:15,995:INFO:batery,79
2022-09-30 11:59:16,097:INFO:batery,79
2022-09-30 11:59:16,148:INFO:batery,79
2022-09-30 11:59:16,250:INFO:batery,79
2022-09-30 11:59:16,352:INFO:batery,79
2022-09-30 11:59:16,454:INFO:batery,79
2022-09-30 11:59:16,556:INFO:batery,79
2022-09-30 11:59:16,660:INFO:batery,78
2022-09-30 11:59:16,760:INFO:batery,78
2022-09-30 11:59:16,862:INFO:batery,78
2022-09-30 11:59:16,964:INFO:batery,78
2022-09-30 11:59:17,066:INFO:batery,78
2022-09-30 11:59:17,168:INFO:batery,78
2022-09-30 11:59:17,270:INFO:batery,78
2022-09-30 11:59:17,373:INFO:batery,78
2022-09-30 11:59:17,475:INFO:batery,78
2022-09-30 11:59:17,576:INFO:batery,78
2022-09-30 11:59:17,678:INFO:batery,78
2022-09-30 11:59:17,780:INFO:batery,78
2022-09-30 11:59:17,882:INFO:batery,78
2022-09-30 11:59:17,984:INFO:batery,78
2022-09-30 11:59:18,087:INFO:batery,78
2022-09-30 11:59:18,189:INFO:batery,78
2022-09-30 11:59:18,291:INFO:batery,78
2022-09-30 11:59:18,393:INFO:batery,78
2022-09-30 11:59:18,495:INFO:batery,78
2022-09-30 11:59:18,597:INFO:batery,78
2022-09-30 11:59:18,699:INFO:batery,78
2022-09-30 11:59:18,801:INFO:batery,78
2022-09-30 11:59:18,904:INFO:batery,78
2022-09-30 11:59:19,005:INFO:batery,78
2022-09-30 11:59:19,107:INFO:batery,78
2022-09-30 11:59:19,209:INFO:batery,78
2022-09-30 11:59:19,311:INFO:batery,78
2022-09-30 11:59:19,363:INFO:batery,78
2022-09-30 11:59:19,465:INFO:batery,78
2022-09-30 11:59:19,574:INFO:batery,78
2022-09-30 11:59:19,670:INFO:batery,78
2022-09-30 11:59:19,773:INFO:batery,78
2022-09-30 11:59:19,875:INFO:batery,78
2022-09-30 11:59:19,974:INFO:batery,78
2022-09-30 11:59:20,076:INFO:batery,78
2022-09-30 11:59:20,178:INFO:batery,78
2022-09-30 11:59:20,280:INFO:batery,78
2022-09-30 11:59:20,382:INFO:batery,78
2022-09-30 11:59:20,484:INFO:batery,78
2022-09-30 11:59:20,586:INFO:batery,78
2022-09-30 11:59:20,688:INFO:batery,78
2022-09-30 11:59:20,790:INFO:batery,78
2022-09-30 11:59:20,892:INFO:batery,78
2022-09-30 11:59:20,994:INFO:batery,78
2022-09-30 11:59:21,096:INFO:batery,78
2022-09-30 11:59:21,198:INFO:batery,78
2022-09-30 11:59:21,300:INFO:batery,78
2022-09-30 11:59:21,402:INFO:batery,78
2022-09-30 11:59:21,504:INFO:batery,78
2022-09-30 11:59:21,608:INFO:batery,78
2022-09-30 11:59:21,709:INFO:batery,78
2022-09-30 11:59:21,811:INFO:batery,78
2022-09-30 11:59:21,912:INFO:batery,78
2022-09-30 11:59:22,015:INFO:batery,78
2022-09-30 11:59:22,116:INFO:batery,78
2022-09-30 11:59:22,221:INFO:batery,78
2022-09-30 11:59:22,320:INFO:batery,78
2022-09-30 11:59:22,422:INFO:batery,78
2022-09-30 11:59:22,524:INFO:batery,78
2022-09-30 11:59:22,626:INFO:batery,78
2022-09-30 11:59:22,677:INFO:batery,78
2022-09-30 11:59:22,779:INFO:batery,78
2022-09-30 11:59:22,882:INFO:batery,78
2022-09-30 11:59:22,984:INFO:batery,78
2022-09-30 11:59:23,086:INFO:batery,78
2022-09-30 11:59:23,189:INFO:batery,78
2022-09-30 11:59:23,291:INFO:batery,78
2022-09-30 11:59:23,394:INFO:batery,78
2022-09-30 11:59:23,493:INFO:batery,78
2022-09-30 11:59:23,594:INFO:batery,78
2022-09-30 11:59:23,697:INFO:batery,78
2022-09-30 11:59:23,799:INFO:batery,78
2022-09-30 11:59:23,901:INFO:batery,78
2022-09-30 11:59:24,005:INFO:batery,78
2022-09-30 11:59:24,106:INFO:batery,78
2022-09-30 11:59:24,207:INFO:batery,78
2022-09-30 11:59:24,309:INFO:batery,78
2022-09-30 11:59:24,411:INFO:batery,78
2022-09-30 11:59:24,513:INFO:batery,78
2022-09-30 11:59:24,615:INFO:batery,78
2022-09-30 11:59:24,718:INFO:batery,78
2022-09-30 11:59:24,819:INFO:batery,78
2022-09-30 11:59:24,921:INFO:batery,78
2022-09-30 11:59:25,023:INFO:batery,78
2022-09-30 11:59:25,125:INFO:batery,78
2022-09-30 11:59:25,226:INFO:batery,78
2022-09-30 11:59:25,329:INFO:batery,78
2022-09-30 11:59:25,431:INFO:batery,78
2022-09-30 11:59:25,533:INFO:batery,78
2022-09-30 11:59:25,635:INFO:batery,78
2022-09-30 11:59:25,737:INFO:batery,78
2022-09-30 11:59:25,839:INFO:batery,78
2022-09-30 11:59:25,941:INFO:batery,78
2022-09-30 11:59:26,043:INFO:batery,78
2022-09-30 11:59:26,144:INFO:batery,78
2022-09-30 11:59:26,196:INFO:batery,78
2022-09-30 11:59:26,299:INFO:batery,78
2022-09-30 11:59:26,401:INFO:batery,78
2022-09-30 11:59:26,503:INFO:batery,78
2022-09-30 11:59:26,607:INFO:batery,78
2022-09-30 11:59:26,706:INFO:batery,78
2022-09-30 11:59:26,808:INFO:batery,78
2022-09-30 11:59:26,909:INFO:batery,78
2022-09-30 11:59:27,011:INFO:batery,78
2022-09-30 11:59:27,114:INFO:batery,78
2022-09-30 11:59:27,216:INFO:batery,78
2022-09-30 11:59:27,317:INFO:batery,78
2022-09-30 11:59:27,419:INFO:batery,78
2022-09-30 11:59:27,522:INFO:batery,78
2022-09-30 11:59:27,624:INFO:batery,78
2022-09-30 11:59:27,726:INFO:batery,78
2022-09-30 11:59:27,828:INFO:batery,78
2022-09-30 11:59:27,931:INFO:batery,78
2022-09-30 11:59:28,034:INFO:batery,78
2022-09-30 11:59:28,134:INFO:batery,78
2022-09-30 11:59:28,235:INFO:batery,78
2022-09-30 11:59:28,338:INFO:batery,78
2022-09-30 11:59:28,440:INFO:batery,78
2022-09-30 11:59:28,542:INFO:batery,78
2022-09-30 11:59:28,643:INFO:batery,78
2022-09-30 11:59:28,746:INFO:batery,78
2022-09-30 11:59:28,848:INFO:batery,78
2022-09-30 11:59:28,950:INFO:batery,78
2022-09-30 11:59:29,052:INFO:batery,78
2022-09-30 11:59:29,154:INFO:batery,78
2022-09-30 11:59:29,256:INFO:batery,78
2022-09-30 11:59:29,367:INFO:batery,78
2022-09-30 11:59:29,460:INFO:batery,78
2022-09-30 11:59:29,562:INFO:batery,78
2022-09-30 11:59:29,613:INFO:batery,78
2022-09-30 11:59:29,715:INFO:batery,78
2022-09-30 11:59:29,817:INFO:batery,78
2022-09-30 11:59:29,920:INFO:batery,78
2022-09-30 11:59:30,021:INFO:batery,78
2022-09-30 11:59:30,122:INFO:batery,78
2022-09-30 11:59:30,225:INFO:batery,78
2022-09-30 11:59:30,326:INFO:batery,78
2022-09-30 11:59:30,428:INFO:batery,78
2022-09-30 11:59:30,531:INFO:batery,78
2022-09-30 11:59:30,633:INFO:batery,78
2022-09-30 11:59:30,735:INFO:batery,78
2022-09-30 11:59:30,838:INFO:batery,78
2022-09-30 11:59:30,939:INFO:batery,78
2022-09-30 11:59:31,041:INFO:batery,78
2022-09-30 11:59:31,144:INFO:batery,78
2022-09-30 11:59:31,248:INFO:batery,78
2022-09-30 11:59:31,350:INFO:batery,78
2022-09-30 11:59:31,451:INFO:batery,78
2022-09-30 11:59:31,554:INFO:batery,78
2022-09-30 11:59:31,658:INFO:batery,78
2022-09-30 11:59:31,755:INFO:batery,78
2022-09-30 11:59:31,857:INFO:batery,78
2022-09-30 11:59:31,959:INFO:batery,78
2022-09-30 11:59:32,061:INFO:batery,78
2022-09-30 11:59:32,163:INFO:batery,78
2022-09-30 11:59:32,265:INFO:batery,78
2022-09-30 11:59:32,371:INFO:batery,78
2022-09-30 11:59:32,470:INFO:batery,78
2022-09-30 11:59:32,570:INFO:batery,78
2022-09-30 11:59:32,675:INFO:batery,78
2022-09-30 11:59:32,774:INFO:batery,78
2022-09-30 11:59:32,876:INFO:batery,78
2022-09-30 11:59:32,978:INFO:batery,78
2022-09-30 11:59:33,080:INFO:batery,78
2022-09-30 11:59:33,182:INFO:batery,78
2022-09-30 11:59:33,235:INFO:batery,78
2022-09-30 11:59:33,335:INFO:batery,78
2022-09-30 11:59:33,438:INFO:batery,78
2022-09-30 11:59:33,540:INFO:batery,78
2022-09-30 11:59:33,642:INFO:batery,78
2022-09-30 11:59:33,748:INFO:batery,78
2022-09-30 11:59:33,845:INFO:batery,78
2022-09-30 11:59:33,948:INFO:batery,78
2022-09-30 11:59:34,051:INFO:batery,78
2022-09-30 11:59:34,152:INFO:batery,78
2022-09-30 11:59:34,259:INFO:batery,78
2022-09-30 11:59:34,356:INFO:batery,78
2022-09-30 11:59:34,458:INFO:batery,78
2022-09-30 11:59:34,559:INFO:batery,78
2022-09-30 11:59:34,662:INFO:batery,78
2022-09-30 11:59:34,764:INFO:batery,78
2022-09-30 11:59:34,865:INFO:batery,78
2022-09-30 11:59:34,968:INFO:batery,78
2022-09-30 11:59:35,070:INFO:batery,78
2022-09-30 11:59:35,171:INFO:batery,78
2022-09-30 11:59:35,274:INFO:batery,78
2022-09-30 11:59:35,376:INFO:batery,78
2022-09-30 11:59:35,477:INFO:batery,78
2022-09-30 11:59:35,579:INFO:batery,78
2022-09-30 11:59:35,681:INFO:batery,78
2022-09-30 11:59:35,784:INFO:batery,78
2022-09-30 11:59:35,887:INFO:batery,78
2022-09-30 11:59:35,989:INFO:batery,78
2022-09-30 11:59:36,091:INFO:batery,78
2022-09-30 11:59:36,194:INFO:batery,78
2022-09-30 11:59:36,296:INFO:batery,78
2022-09-30 11:59:36,395:INFO:batery,78
2022-09-30 11:59:36,497:INFO:batery,78
2022-09-30 11:59:36,548:INFO:batery,78
2022-09-30 11:59:36,651:INFO:batery,78
2022-09-30 11:59:36,753:INFO:batery,78
2022-09-30 11:59:36,854:INFO:batery,78
2022-09-30 11:59:36,957:INFO:batery,78
2022-09-30 11:59:37,059:INFO:batery,78
2022-09-30 11:59:37,161:INFO:batery,78
2022-09-30 11:59:37,268:INFO:batery,78
2022-09-30 11:59:37,365:INFO:batery,78
2022-09-30 11:59:37,467:INFO:batery,78
2022-09-30 11:59:37,570:INFO:batery,78
2022-09-30 11:59:37,671:INFO:batery,78
2022-09-30 11:59:37,773:INFO:batery,78
2022-09-30 11:59:37,875:INFO:batery,78
2022-09-30 11:59:37,977:INFO:batery,78
2022-09-30 11:59:38,122:INFO:batery,78
2022-09-30 11:59:38,181:INFO:batery,78
2022-09-30 11:59:38,283:INFO:batery,78
2022-09-30 11:59:38,386:INFO:batery,78
2022-09-30 11:59:38,487:INFO:batery,78
2022-09-30 11:59:38,590:INFO:batery,78
2022-09-30 11:59:38,691:INFO:batery,77
2022-09-30 11:59:38,793:INFO:batery,77
2022-09-30 11:59:38,895:INFO:batery,77
2022-09-30 11:59:38,997:INFO:batery,77
2022-09-30 11:59:39,100:INFO:batery,77
2022-09-30 11:59:39,201:INFO:batery,77
2022-09-30 11:59:39,304:INFO:batery,77
2022-09-30 11:59:39,407:INFO:batery,77
2022-09-30 11:59:39,509:INFO:batery,77
2022-09-30 11:59:39,611:INFO:batery,77
2022-09-30 11:59:39,713:INFO:batery,77
2022-09-30 11:59:39,813:INFO:batery,77
2022-09-30 11:59:39,915:INFO:batery,77
2022-09-30 11:59:40,017:INFO:batery,77
2022-09-30 11:59:40,120:INFO:batery,77
2022-09-30 11:59:40,170:INFO:batery,77
2022-09-30 11:59:40,272:INFO:batery,77
2022-09-30 11:59:40,374:INFO:batery,77
2022-09-30 11:59:40,477:INFO:batery,77
2022-09-30 11:59:40,578:INFO:batery,77
2022-09-30 11:59:40,680:INFO:batery,77
2022-09-30 11:59:40,783:INFO:batery,77
2022-09-30 11:59:40,884:INFO:batery,77
2022-09-30 11:59:40,986:INFO:batery,77
2022-09-30 11:59:41,088:INFO:batery,77
2022-09-30 11:59:41,190:INFO:batery,77
2022-09-30 11:59:41,292:INFO:batery,77
2022-09-30 11:59:41,394:INFO:batery,77
2022-09-30 11:59:41,496:INFO:batery,77
2022-09-30 11:59:41,599:INFO:batery,77
2022-09-30 11:59:41,710:INFO:batery,77
2022-09-30 11:59:41,803:INFO:batery,77
2022-09-30 11:59:41,904:INFO:batery,77
2022-09-30 11:59:42,007:INFO:batery,77
2022-09-30 11:59:42,108:INFO:batery,77
2022-09-30 11:59:42,210:INFO:batery,77
2022-09-30 11:59:42,313:INFO:batery,77
2022-09-30 11:59:42,414:INFO:batery,77
2022-09-30 11:59:42,517:INFO:batery,77
2022-09-30 11:59:42,618:INFO:batery,77
2022-09-30 11:59:42,720:INFO:batery,77
2022-09-30 11:59:42,822:INFO:batery,77
2022-09-30 11:59:42,925:INFO:batery,77
2022-09-30 11:59:43,027:INFO:batery,77
2022-09-30 11:59:43,129:INFO:batery,77
2022-09-30 11:59:43,230:INFO:batery,77
2022-09-30 11:59:43,337:INFO:batery,77
2022-09-30 11:59:43,436:INFO:batery,77
2022-09-30 11:59:43,486:INFO:batery,77
2022-09-30 11:59:43,587:INFO:batery,77
2022-09-30 11:59:43,690:INFO:batery,77
2022-09-30 11:59:43,791:INFO:batery,77
2022-09-30 11:59:43,893:INFO:batery,77
2022-09-30 11:59:43,996:INFO:batery,77
2022-09-30 11:59:44,097:INFO:batery,77
2022-09-30 11:59:44,199:INFO:batery,77
2022-09-30 11:59:44,301:INFO:batery,77
2022-09-30 11:59:44,403:INFO:batery,77
2022-09-30 11:59:44,505:INFO:batery,77
2022-09-30 11:59:44,607:INFO:batery,77
2022-09-30 11:59:44,709:INFO:batery,77
2022-09-30 11:59:44,811:INFO:batery,77
2022-09-30 11:59:44,913:INFO:batery,77
2022-09-30 11:59:45,015:INFO:batery,77
2022-09-30 11:59:45,117:INFO:batery,77
2022-09-30 11:59:45,220:INFO:batery,77
2022-09-30 11:59:45,322:INFO:batery,77
2022-09-30 11:59:45,423:INFO:batery,77
2022-09-30 11:59:45,526:INFO:batery,77
2022-09-30 11:59:45,628:INFO:batery,77
2022-09-30 11:59:45,730:INFO:batery,77
2022-09-30 11:59:45,831:INFO:batery,77
2022-09-30 11:59:45,933:INFO:batery,77
2022-09-30 11:59:46,038:INFO:batery,77
2022-09-30 11:59:46,137:INFO:batery,77
2022-09-30 11:59:46,239:INFO:batery,77
2022-09-30 11:59:46,341:INFO:batery,77
2022-09-30 11:59:46,443:INFO:batery,77
2022-09-30 11:59:46,547:INFO:batery,77
2022-09-30 11:59:46,599:INFO:batery,77
2022-09-30 11:59:46,698:INFO:batery,77
2022-09-30 11:59:46,800:INFO:batery,77
2022-09-30 11:59:46,902:INFO:batery,77
2022-09-30 11:59:47,004:INFO:batery,77
2022-09-30 11:59:47,106:INFO:batery,77
2022-09-30 11:59:47,209:INFO:batery,77
2022-09-30 11:59:47,310:INFO:batery,77
2022-09-30 11:59:47,413:INFO:batery,77
2022-09-30 11:59:47,514:INFO:batery,77
2022-09-30 11:59:47,616:INFO:batery,77
2022-09-30 11:59:47,718:INFO:batery,77
2022-09-30 11:59:47,822:INFO:batery,77
2022-09-30 11:59:47,923:INFO:batery,77
2022-09-30 11:59:48,024:INFO:batery,77
2022-09-30 11:59:48,126:INFO:batery,77
2022-09-30 11:59:48,228:INFO:batery,77
2022-09-30 11:59:48,333:INFO:batery,77
2022-09-30 11:59:48,432:INFO:batery,77
2022-09-30 11:59:48,534:INFO:batery,77
2022-09-30 11:59:48,636:INFO:batery,77
2022-09-30 11:59:48,739:INFO:batery,77
2022-09-30 11:59:48,841:INFO:batery,77
2022-09-30 11:59:48,942:INFO:batery,77
2022-09-30 11:59:49,045:INFO:batery,77
2022-09-30 11:59:49,146:INFO:batery,77
2022-09-30 11:59:49,248:INFO:batery,77
2022-09-30 11:59:49,350:INFO:batery,77
2022-09-30 11:59:49,452:INFO:batery,77
2022-09-30 11:59:49,563:INFO:batery,77
2022-09-30 11:59:49,657:INFO:batery,77
2022-09-30 11:59:49,759:INFO:batery,77
2022-09-30 11:59:49,860:INFO:batery,77
2022-09-30 11:59:49,962:INFO:batery,77
2022-09-30 11:59:50,064:INFO:batery,77
2022-09-30 11:59:50,166:INFO:batery,77
2022-09-30 11:59:50,217:INFO:batery,77
2022-09-30 11:59:50,319:INFO:batery,77
2022-09-30 11:59:50,421:INFO:batery,77
2022-09-30 11:59:50,523:INFO:batery,77
2022-09-30 11:59:50,625:INFO:batery,77
2022-09-30 11:59:50,727:INFO:batery,77
2022-09-30 11:59:50,828:INFO:batery,77
2022-09-30 11:59:50,931:INFO:batery,77
2022-09-30 11:59:51,033:INFO:batery,77
2022-09-30 11:59:51,135:INFO:batery,77
2022-09-30 11:59:51,239:INFO:batery,77
2022-09-30 11:59:51,344:INFO:batery,77
2022-09-30 11:59:51,441:INFO:batery,77
2022-09-30 11:59:51,543:INFO:batery,77
2022-09-30 11:59:51,645:INFO:batery,77
2022-09-30 11:59:51,747:INFO:batery,77
2022-09-30 11:59:51,849:INFO:batery,77
2022-09-30 11:59:51,951:INFO:batery,77
2022-09-30 11:59:52,053:INFO:batery,77
2022-09-30 11:59:52,155:INFO:batery,77
2022-09-30 11:59:52,257:INFO:batery,77
2022-09-30 11:59:52,359:INFO:batery,77
2022-09-30 11:59:52,461:INFO:batery,77
2022-09-30 11:59:52,562:INFO:batery,77
2022-09-30 11:59:52,665:INFO:batery,77
2022-09-30 11:59:52,767:INFO:batery,77
2022-09-30 11:59:52,868:INFO:batery,77
2022-09-30 11:59:52,971:INFO:batery,77
2022-09-30 11:59:53,072:INFO:batery,77
2022-09-30 11:59:53,174:INFO:batery,77
2022-09-30 11:59:53,277:INFO:batery,77
2022-09-30 11:59:53,379:INFO:batery,77
2022-09-30 11:59:53,480:INFO:batery,77
2022-09-30 11:59:53,532:INFO:batery,77
2022-09-30 11:59:53,634:INFO:batery,77
2022-09-30 11:59:53,736:INFO:batery,77
2022-09-30 11:59:53,838:INFO:batery,77
2022-09-30 11:59:53,943:INFO:batery,77
2022-09-30 11:59:54,042:INFO:batery,77
2022-09-30 11:59:54,144:INFO:batery,77
2022-09-30 11:59:54,246:INFO:batery,77
2022-09-30 11:59:54,348:INFO:batery,77
2022-09-30 11:59:54,449:INFO:batery,77
2022-09-30 11:59:54,562:INFO:batery,77
2022-09-30 11:59:54,656:INFO:batery,77
2022-09-30 11:59:54,756:INFO:batery,77
2022-09-30 11:59:54,858:INFO:batery,77
2022-09-30 11:59:54,960:INFO:batery,77
2022-09-30 11:59:55,062:INFO:batery,77
2022-09-30 11:59:55,164:INFO:batery,77
2022-09-30 11:59:55,266:INFO:batery,77
2022-09-30 11:59:55,367:INFO:batery,77
2022-09-30 11:59:55,469:INFO:batery,77
2022-09-30 11:59:55,572:INFO:batery,77
2022-09-30 11:59:55,674:INFO:batery,77
2022-09-30 11:59:55,776:INFO:batery,77
2022-09-30 11:59:55,878:INFO:batery,77
2022-09-30 11:59:55,980:INFO:batery,77
2022-09-30 11:59:56,081:INFO:batery,77
2022-09-30 11:59:56,185:INFO:batery,77
2022-09-30 11:59:56,286:INFO:batery,77
2022-09-30 11:59:56,388:INFO:batery,77
2022-09-30 11:59:56,490:INFO:batery,77
2022-09-30 11:59:56,592:INFO:batery,77
2022-09-30 11:59:56,694:INFO:batery,77
2022-09-30 11:59:56,797:INFO:batery,77
2022-09-30 11:59:56,849:INFO:batery,77
2022-09-30 11:59:56,951:INFO:batery,77
2022-09-30 11:59:57,053:INFO:batery,77
2022-09-30 11:59:57,154:INFO:batery,77
2022-09-30 11:59:57,256:INFO:batery,77
2022-09-30 11:59:57,372:INFO:batery,77
2022-09-30 11:59:57,460:INFO:batery,77
2022-09-30 11:59:57,562:INFO:batery,77
2022-09-30 11:59:57,667:INFO:batery,77
2022-09-30 11:59:57,767:INFO:batery,77
2022-09-30 11:59:57,870:INFO:batery,77
2022-09-30 11:59:57,969:INFO:batery,77
2022-09-30 11:59:58,073:INFO:batery,77
2022-09-30 11:59:58,177:INFO:batery,77
2022-09-30 11:59:58,276:INFO:batery,77
2022-09-30 11:59:58,381:INFO:batery,77
2022-09-30 11:59:58,480:INFO:batery,77
2022-09-30 11:59:58,589:INFO:batery,77
2022-09-30 11:59:58,685:INFO:batery,77
2022-09-30 11:59:58,787:INFO:batery,77
2022-09-30 11:59:58,889:INFO:batery,77
2022-09-30 11:59:58,993:INFO:batery,77
2022-09-30 11:59:59,094:INFO:batery,77
2022-09-30 11:59:59,193:INFO:batery,77
2022-09-30 11:59:59,295:INFO:batery,77
2022-09-30 11:59:59,397:INFO:batery,77
2022-09-30 11:59:59,499:INFO:batery,77
2022-09-30 11:59:59,601:INFO:batery,77
2022-09-30 11:59:59,703:INFO:batery,77
2022-09-30 11:59:59,805:INFO:batery,77
2022-09-30 11:59:59,909:INFO:batery,77
2022-09-30 12:00:00,010:INFO:batery,77
2022-09-30 12:00:00,111:INFO:batery,77
2022-09-30 12:00:00,213:INFO:batery,77
2022-09-30 12:00:00,315:INFO:batery,77
2022-09-30 12:00:00,418:INFO:batery,77
2022-09-30 12:00:00,519:INFO:batery,77
2022-09-30 12:00:00,621:INFO:batery,77
2022-09-30 12:00:00,672:INFO:batery,77
2022-09-30 12:00:00,774:INFO:batery,77
2022-09-30 12:00:00,877:INFO:batery,77
2022-09-30 12:00:00,979:INFO:batery,77
2022-09-30 12:00:01,080:INFO:batery,77
2022-09-30 12:00:01,187:INFO:batery,77
2022-09-30 12:00:01,289:INFO:batery,77
2022-09-30 12:00:01,386:INFO:batery,77
2022-09-30 12:00:01,488:INFO:batery,77
2022-09-30 12:00:01,590:INFO:batery,77
2022-09-30 12:00:01,693:INFO:batery,77
2022-09-30 12:00:01,794:INFO:batery,77
2022-09-30 12:00:01,897:INFO:batery,77
2022-09-30 12:00:01,998:INFO:batery,77
2022-09-30 12:00:02,174:INFO:batery,77
2022-09-30 12:00:02,203:INFO:batery,77
2022-09-30 12:00:02,307:INFO:batery,77
2022-09-30 12:00:02,463:INFO:batery,77
2022-09-30 12:00:02,510:INFO:batery,77
2022-09-30 12:00:02,617:INFO:batery,77
2022-09-30 12:00:02,721:INFO:batery,77
2022-09-30 12:00:02,814:INFO:batery,77
2022-09-30 12:00:02,916:INFO:batery,77
2022-09-30 12:00:03,018:INFO:batery,77
2022-09-30 12:00:03,121:INFO:batery,77
2022-09-30 12:00:03,222:INFO:batery,77
2022-09-30 12:00:03,326:INFO:batery,77
2022-09-30 12:00:03,426:INFO:batery,77
2022-09-30 12:00:03,528:INFO:batery,77
2022-09-30 12:00:03,630:INFO:batery,77
2022-09-30 12:00:03,732:INFO:batery,77
2022-09-30 12:00:03,834:INFO:batery,77
2022-09-30 12:00:03,941:INFO:batery,77
2022-09-30 12:00:03,988:INFO:batery,77
2022-09-30 12:00:04,141:INFO:batery,77
2022-09-30 12:00:04,192:INFO:batery,77
2022-09-30 12:00:04,300:INFO:batery,77
2022-09-30 12:00:04,396:INFO:batery,77
2022-09-30 12:00:04,498:INFO:batery,77
2022-09-30 12:00:04,600:INFO:batery,77
2022-09-30 12:00:04,705:INFO:batery,77
2022-09-30 12:00:55,465:ERROR:[Errno 9] Bad file descriptor
2022-09-30 12:58:35,913:INFO:batery,45
2022-09-30 12:58:43,916:INFO:batery,14
2022-09-30 12:58:50,916:INFO:batery,78
2022-09-30 12:58:52,917:INFO:batery,12
2022-09-30 13:00:12,548:INFO:batery,24
2022-09-30 13:00:18,553:INFO:batery,46
2022-09-30 13:00:25,558:INFO:batery,24
2022-09-30 13:00:27,559:INFO:batery,28
2022-09-30 13:00:33,563:INFO:batery,31
2022-09-30 13:00:36,564:INFO:batery,0
2022-09-30 13:00:38,566:INFO:batery,18
2022-09-30 13:00:44,572:INFO:batery,65
2022-09-30 13:00:53,578:INFO:batery,49
2022-09-30 13:00:58,580:INFO:batery,9
2022-09-30 13:01:04,586:INFO:batery,23
